Name,Salary
T.J. Watt,"$28,002,750"
Chris Jones,"$19,500,000"
Aaron Donald,"$31,666,667"
Cameron Heyward,"$16,400,000"
C.J. Mosley,"$17,000,000"
Jonathan Allen,"$18,000,000"
Danielle Hunter,"$17,000,000"
Grady Jarrett,"$16,823,333"
Adoree' Jackson,"$13,000,000"
Justin Simmons,"$15,250,000"
Budda Baker,"$14,750,000"
DeForest Buckner,"$21,000,000"
Emmanuel Ogbah,"$16,350,000"
DeMarcus Lawrence,"$13,333,333"
Eddie Jackson,"$14,600,000"
Cameron Jordan,"$13,958,824"
Khalil Mack,"$23,500,000"
Matt Judon,"$13,625,000"
Myles Garrett,"$25,000,000"
Tre'Davious White,"$17,250,000"
Joey Bosa,"$27,000,000"
D.J. Reader,"$13,250,000"
Trey Hendrickson,"$21,000,000"
Tremaine Edmunds,"$18,000,000"
Shaq Thompson,"$6,300,000"
D.J. Jones,"$10,000,000"
Maxx Crosby,"$23,500,000"
Kenny Clark,"$17,500,000"
Justin Reid,"$10,500,000"
Jerome Baker,"$12,500,000"
Darious Williams,"$10,000,000"
Marlon Humphrey,"$19,500,000"
Denzel Ward,"$20,100,000"
Arik Armstead,"$17,000,000"
Quandre Diggs,"$13,000,000"
Harrison Smith,"$16,000,000"
Rashan Gary,"$24,000,000"
Darius Slay,"$14,000,000"
Marshon Lattimore,"$19,520,600"
Kendall Fuller,"$10,000,000"
Jamal Adams,"$17,645,000"
Nick Bosa,"$34,000,000"
B.J. Hill,"$10,000,000"
Shaquil Barrett,"$17,000,000"
Jaire Alexander,"$21,000,000"
Micah Hyde,"$9,625,000"
Harold Landry,"$17,500,000"
Davon Godchaux,"$10,400,000"
Yannick Ngakoue,"$10,500,000"
Uchenna Nwosu,"$15,000,000"
Brandon Graham,"$5,000,000"
Xavien Howard,"$18,000,000"
Dre'Mont Jones,"$17,176,667"
Sam Hubbard,"$10,000,000"
Stephon Gilmore,"$10,000,000"
Austin Johnson,"$7,000,000"
Jessie Bates III,"$16,005,000"
Michael Davis,"$8,400,000"
Derwin James,"$19,133,000"
Denico Autry,"$7,166,667"
Fred Warner,"$19,045,000"
Sebastian Joseph,"$8,000,000"
Roquan Smith,"$20,000,000"
Amani Hooker,"$10,000,000"
Foyesade Oluokun,"$15,000,000"
Deatrich Wise,"$5,500,000"
Daron Payne,"$22,500,000"
DaQuan Jones,"$7,000,000"
Travon Walker,"$9,343,155"
Kenny Moore,"$8,325,000"
Aidan Hutchinson,"$8,928,347"
Tim Patrick,"$11,333,333"
David Onyemata,"$11,666,667"
D.J. Reed,"$11,000,000"
Von Miller,"$20,000,000"
Chidobe Awuzie,"$7,250,000"
Minkah Fitzpatrick,"$18,403,059"
Derek Stingley Jr.,"$8,664,378"
Demario Davis,"$9,000,000"
Ahmad Gardner,"$8,362,700"
Bradley Chubb,"$22,000,000"
Derrick Brown,"$5,905,351"
Calais Campbell,"$7,000,000"
Carlton Davis,"$14,833,333"
Donte Jackson,"$11,726,667"
Maliek Collins,"$11,500,000"
Justin Jones,"$6,000,000"
Marcus Williams,"$14,000,000"
Dorance Armstrong,"$6,000,000"
Grover Stewart,"$10,250,000"
Josey Jewell,"$5,500,000"
Kayvon Thibodeaux,"$7,834,760"
Matt Milano,"$14,165,000"
Taron Johnson,"$8,000,000"
Bobby Wagner,"$5,500,000"
Haason Reddick,"$15,000,000"
Foley Fatukasi,"$10,000,000"
Harrison Phillips,"$6,500,000"
Bilal Nichols,"$5,500,000"
Javon Hargrave,"$21,000,000"
Vita Vea,"$17,750,000"
Quinnen Williams,"$24,000,000"
Charvarius Ward,"$13,500,000"
DeMarcus Walker,"$7,000,000"
Will Anderson,"$8,803,207"
Preston Smith,"$13,000,000"
Jeffery Simmons,"$23,500,000"
Tracy Walker,"$8,333,333"
Jonathan Jones,"$9,500,000"
Jayron Kearse,"$5,000,000"
Zach Allen,"$15,250,000"
Marcus Davenport,"$13,000,000"
Mike Hilton,"$6,000,000"
Ryan Jensen,"$13,000,000"
Jourdan Lewis,"$4,500,000"
Josh Sweat,"$13,333,333"
Trevon Diggs,"$19,400,000"
Roy Robertson-Harris,"$7,200,000"
Devon Witherspoon,"$7,965,288"
Jaycee Horn,"$5,278,037"
Patrick Surtain II,"$5,240,657"
Dexter Lawrence,"$21,875,000"
Fletcher Cox,"$10,000,000"
Romeo Okwara,"$12,333,333"
Dre Greenlaw,"$8,200,000"
De'Vondre Campbell,"$10,000,000"
Levi Wallace,"$4,000,000"
Frankie Luvu,"$4,500,000"
Germaine Pratt,"$6,750,000"
Rayshawn Jenkins,"$8,750,000"
Steven Nelson,"$4,500,000"
Jalen Thompson,"$12,000,000"
Samson Ebukam,"$8,000,000"
Charles Harris,"$6,500,000"
Jordan Hicks,"$5,000,000"
T.J. Edwards,"$6,500,000"
Ed Oliver,"$17,000,000"
Larry Ogunjobi,"$9,583,333"
Jordan Whitehead,"$5,250,000"
Javon Kinlaw,"$3,872,173"
Ja'whaun Bentley,"$6,750,000"
Jordan Poyer,"$6,250,000"
Jimmie Ward,"$6,500,000"
Dawuane Smoot,"$3,500,000"
Montez Sweat,"$24,500,000"
Marcus Epps,"$6,000,000"
Micah Parsons,"$4,269,948"
Malik Hooker,"$7,000,000"
A.J. Terrell,"$3,576,437"
Tyree Wilson,"$6,251,374"
Adrian Phillips,"$4,250,000"
Chauncey Gardner-Johnson,"$6,500,000"
Kaden Elliss,"$7,166,667"
Charles Omenihu,"$8,000,000"
Xavier Woods,"$5,000,000"
Russell Gage,"$10,000,000"
Alex Highsmith,"$17,000,000"
Bobby Okereke,"$10,000,000"
Tim Settle,"$4,500,000"
Bryce Huff,"$4,304,000"
Teair Tart,"$4,304,000"
Emmanuel Moseley,"$6,000,000"
Dalvin Tomlinson,"$14,250,000"
Sheldon Rankins,"$9,750,000"
Lorenzo Carter,"$4,500,000"
K’Lavon Chaisson,"$3,336,153"
Tyrann Mathieu,"$9,433,333"
Patrick Peterson,"$7,000,000"
Dennis Gardeck,"$3,333,333"
John Franklin-Myers,"$13,750,000"
Chuck Clark,"$5,100,000"
Kenneth Murray,"$3,243,735"
Jerry Hughes,"$5,000,000"
Avonte Maddox,"$7,500,000"
Zaven Collins,"$3,672,564"
Eric Kendricks,"$6,625,000"
Jalen Carter,"$5,451,504"
Carl Granderson,"$13,000,000"
Julian Love,"$6,000,000"
Jordyn Brooks,"$3,058,902"
Patrick Queen,"$3,040,418"
Jordan Davis,"$4,252,320"
Eric Murray,"$4,000,000"
DaVon Hamilton,"$11,500,000"
Jaelan Phillips,"$3,504,551"
Jamel Dean,"$13,000,000"
Jamin Davis,"$3,448,544"
Kwity Paye,"$3,411,208"
Kyle Hamilton,"$4,063,771"
Andrew Billings,"$4,000,000"
Jeff Okudah,"$8,382,136"
Caleb Farley,"$3,373,871"
Bryan Mone,"$5,517,500"
Kyle Dugger,"$2,082,976"
Marcus Maye,"$7,500,000"
Kenyon Green,"$3,988,351"
Lawrence Guy,"$2,875,000"
Jaylon Johnson,"$1,617,193"
Marquis Haynes,"$2,750,000"
Cody Barton,"$3,500,000"
Devin Bush,"$3,500,000"
Greg Newsome,"$3,187,184"
Taven Bryan,"$3,510,000"
Payton Turner,"$3,131,184"
Jabrill Peppers,"$4,500,000"
C.J. Henderson,"$5,129,005"
Shelby Harris,"$3,500,000"
Zach Sieler,"$10,250,000"
Jeremy Chinn,"$1,310,368"
Alex Singleton,"$6,000,000"
Siran Neal,"$3,000,000"
Donovan Wilson,"$7,000,000"
Logan Wilson,"$9,000,000"
David Long,"$5,500,000"
Cameron Sutton,"$11,000,000"
Eric Stokes,"$2,981,381"
Kyzir White,"$5,000,000"
Michael Pierce,"$5,500,000"
Montravius Adams,"$2,500,000"
Trent McDuffie,"$3,498,121"
Hassan Ridgeway,"$3,250,000"
Greg Rousseau,"$2,902,050"
Leighton Vander Esch,"$4,000,000"
Lukas Van Ness,"$4,347,023"
Keion Crossen,"$3,150,000"
Quay Walker,"$3,460,410"
Kaiir Elam,"$3,422,702"
Vonn Bell,"$7,500,000"
Odafe Oweh,"$2,835,598"
James Bradberry,"$12,666,667"
Mike Hughes,"$3,500,000"
Joe Tryon,"$2,792,809"
E.J. Speed,"$4,000,000"
Za'Darius Smith,"$11,710,000"
Jarran Reed,"$4,500,000"
Ashtyn Davis,"$1,229,346"
Kamren Curl,"$852,082"
Brandon Jones,"$1,218,273"
Justin Madubuike,"$1,213,327"
Carl Lawson,"$15,000,000"
Zaire Franklin,"$3,333,333"
Jarrett Stidham,"$5,000,000"
Dante Fowler Jr.,"$3,000,000"
Drue Tranquill,"$3,000,000"
Matt Hennessy,"$1,186,141"
Julian Blackmon,"$1,157,212"
Jermaine Johnson,"$3,271,861"
Will McDonald,"$4,080,419"
Chase Young,"$8,640,899"
Devin Lloyd,"$3,234,151"
Jalen Ramsey,"$18,333,333"
D.J. Wonnum,"$1,011,445"
Devonte Wyatt,"$3,215,296"
Charlie Heck,"$1,001,426"
Jalen Mills,"$3,750,000"
L'Jarius Sneed,"$982,330"
Shy Tuttle,"$6,500,000"
K'Waun Williams,"$2,600,000"
Mike Edwards,"$3,000,000"
Arden Key,"$7,000,000"
Jordan Phillips,"$3,000,000"
Brandon Bolden,"$2,505,000"
Case Keenum,"$3,125,000"
Ashton Dulin,"$3,600,000"
Bud Dupree,"$3,000,000"
Byron Murphy,"$8,750,000"
Michael Danna,"$889,665"
Brandon Facyson,"$3,250,000"
Emmanuel Forbes,"$3,851,892"
Jordan Fuller,"$866,428"
Oren Burks,"$2,500,000"
Keisean Nixon,"$4,000,000"
Christian Gonzalez,"$3,775,717"
Cole Holcomb,"$6,000,000"
George Karlaftis,"$2,983,868"
Jack Campbell,"$3,680,501"
Robert Spillane,"$3,500,000"
Xavier McKinney,"$2,097,762"
Daxton Hill,"$2,916,753"
Andrew Van Ginkel,"$2,650,000"
Calijah Kancey,"$3,623,369"
Rakeem Nunez-Roches,"$4,000,000"
Myles Bryant,"$2,627,000"
Jeremy Reaves,"$2,627,000"
Jerry Tillery,"$3,400,000"
Leonard Floyd,"$7,000,000"
Lewis Cine,"$2,873,538"
Yetur Gross-Matos,"$2,049,702"
Mike Purcell,"$3,833,333"
Andrew Wingard,"$3,200,000"
M.J. Stewart,"$3,000,000"
Morgan Fox,"$3,625,000"
Alex Anzalone,"$6,100,000"
A'Shawn Robinson,"$5,000,000"
Miles Killebrew,"$2,000,000"
Deonte Banks,"$3,394,849"
Clelin Ferrell,"$2,500,000"
Tyson Campbell,"$2,253,776"
Darnell Savage,"$3,129,422"
Rasheem Green,"$2,500,000"
Mazi Smith,"$3,318,674"
Jadeveon Clowney,"$2,500,000"
Quincy Williams,"$6,000,000"
Rock Ya-Sin,"$4,000,000"
Nick Scott,"$4,000,000"
Jevon Holland,"$2,179,103"
Grant Delpit,"$1,866,266"
Justin Hardee,"$2,250,000"
Denzel Perryman,"$2,600,000"
Elandon Roberts,"$3,500,000"
Solomon Thomas,"$2,350,000"
Christian Barmore,"$2,130,561"
John Cominsky,"$4,250,000"
Danny Johnson,"$2,500,000"
Myles Murphy,"$3,146,816"
Juan Thornhill,"$7,000,000"
Jahlani Tavai,"$2,200,000"
Richie Grant,"$2,067,091"
Poona Ford,"$2,250,000"
Azeez Al-Shaair,"$5,000,000"
Bryan Bresee,"$3,065,890"
Levi Onwuzurike,"$2,037,223"
Nolan Smith,"$2,998,102"
Ogbonnia Okoronkwo,"$6,333,333"
Al Woods,"$2,250,000"
Trevon Moehrig,"$1,973,752"
Darrell Taylor,"$1,691,127"
Felix Anudike-Uzomah,"$2,954,454"
Noah Igbinoghene,"$2,813,553"
Tavierre Thomas,"$2,250,000"
Justin Houston,"$6,000,000"
Damontae Kazee,"$3,000,000"
Antoine Winfield Jr.,"$1,826,796"
Logan Hall,"$2,329,114"
Chris Board,"$2,500,000"
Christian Watson,"$2,310,258"
Kevin Givens,"$2,100,000"
Tashaun Gipson,"$2,900,000"
Roger McCreary,"$2,291,402"
Nathan Shepherd,"$5,000,000"
Dean Lowry,"$4,250,000"
Quinton Jefferson,"$3,600,000"
Jalen Pitre,"$2,238,610"
Jackson Carman,"$1,862,487"
Tyrel Dodson,"$2,010,000"
Dane Jackson,"$2,010,000"
Josh Metellus,"$4,000,000"
Arnold Ebiketie,"$2,204,672"
Tyus Bowser,"$5,500,000"
Efe Obada,"$2,000,000"
J.T. Gray,"$3,366,667"
Kyler Gordon,"$2,170,732"
Asante Samuel Jr.,"$1,805,737"
Anthony Nelson,"$5,000,000"
Boye Mafe,"$2,140,563"
Jordan Elliott,"$1,147,108"
Duke Riley,"$2,500,000"
Tanoh Kpassagnon,"$2,500,000"
Andrew Booth Jr.,"$2,076,456"
Sean Bunting,"$3,500,000"
Demetrius Flannigan-Fowles,"$1,885,000"
A.J. Epenesa,"$1,469,325"
Daniel Ekuale,"$1,700,000"
Azeez Ojulari,"$1,693,727"
George Odum,"$3,166,667"
Broderick Washington,"$5,250,000"
Tyler Matakevich,"$2,500,000"
Lavonte David,"$4,500,000"
Jaylinn Hawkins,"$990,479"
Khalen Saunders,"$4,100,000"
Tremon Smith,"$2,500,000"
Raekwon Davis,"$1,413,875"
David Ojabo,"$1,977,280"
Jakeem Grant,"$3,333,333"
Scott Quessenberry,"$2,100,000"
Deshon Elliott,"$1,770,000"
Taylor Rapp,"$1,770,000"
Jeremiah Owusu-Koramoah,"$1,619,054"
Josh Paschal,"$1,933,913"
Jalen Reeves-Maybin,"$1,750,000"
DeShawn Williams,"$1,750,000"
Joey Porter Jr.,"$2,404,586"
Neville Gallimore,"$1,170,112"
Luke Gifford,"$2,000,000"
Kevin Byard,"$12,550,000"
Nick Mullens,"$2,000,000"
Tershawn Wharton,"$2,025,000"
Josh Uche,"$1,347,334"
Phidarian Mathis,"$1,876,593"
Ronald Darby,"$1,700,000"
Isaiah Buggs,"$2,250,000"
Kristian Fulton,"$1,332,548"
Isaiah Oliver,"$3,375,000"
Dayo Odeyingbo,"$1,544,381"
Jaquan Brisker,"$1,838,885"
Willie Gay Jr.,"$1,317,761"
Derick Hall,"$2,278,895"
Cody Davis,"$2,200,000"
Alontae Taylor,"$1,801,175"
Blake Cashman,"$705,773"
Nate Sudfeld,"$1,600,000"
Greg Gaines,"$3,500,000"
Mack Wilson,"$1,600,000"
Nick Bolton,"$1,458,508"
Isaiah Foskey,"$2,183,680"
Eli Apple,"$1,600,000"
Josh Tupou,"$1,500,000"
Carlos Watkins,"$1,670,000"
Julian Okwara,"$1,231,703"
B.J. Ojulari,"$2,149,402"
Justin Evans,"$1,590,000"
J.C. Jackson,"$16,500,000"
Pete Werner,"$1,421,170"
Keanu Neal,"$2,125,000"
Chris Reed,"$1,515,000"
Zack Baun,"$1,202,797"
Khaleke Hudson,"$1,500,000"
Michael Ford,"$1,500,000"
Antonio Hamilton,"$1,500,000"
Jihad Ward,"$1,500,000"
Johnathan Ford,"$1,500,000"
Tyquan Lewis,"$2,100,000"
Julius Brents,"$2,049,234"
Sam Williams,"$1,631,686"
Brian Branch,"$2,005,433"
Andre Cisco,"$1,309,125"
Keion White,"$1,947,540"
Joseph Ossai,"$1,298,154"
Aaron Robinson,"$1,285,823"
Kyle Van Noy,"$1,400,000"
Alim McNeill,"$1,282,297"
Milton Williams,"$1,277,543"
P.J. Locke,"$1,400,000"
Benjamin St-Juste,"$1,275,188"
Anfernee Jennings,"$1,149,218"
Jartavius Martin,"$1,909,455"
Troy Andersen,"$1,525,893"
Osa Odighizuwa,"$1,271,548"
Paulson Adebo,"$1,260,090"
Jonathan Greenard,"$1,146,056"
Ed Ingram,"$1,499,496"
Malcolm Koonce,"$1,249,490"
Divine Deablo,"$1,245,208"
Cam Taylor-Britt,"$1,488,182"
Raekwon McMillan,"$1,495,000"
Zach Cunningham,"$1,775,000"
Chauncey Golston,"$1,229,147"
Drake Jackson,"$1,473,098"
Keeanu Benton,"$1,833,281"
Bryan Cook,"$1,461,785"
Patrick Jones,"$1,217,526"
Nik Bonitto,"$1,450,473"
William Gholston,"$2,667,500"
Kareem Jackson,"$2,667,500"
Matthew Slater,"$2,667,500"
Adam Gotsis,"$1,440,000"
Jacob Phillips,"$1,086,079"
Sam Franklin,"$2,510,000"
Malik Harrison,"$1,124,851"
Ifeatu Melifonwu,"$1,196,463"
Ambry Thomas,"$1,196,463"
Baron Browning,"$1,196,463"
Ernest Jones,"$1,196,463"
Elijah Molden,"$1,196,463"
Brandon Stephens,"$1,196,463"
Nahshon Wright,"$1,196,463"
James Pierre,"$1,300,000"
Fabian Moreau,"$1,300,000"
Adam Butler,"$1,550,000"
Cam Smith,"$1,757,106"
Trevis Gipson,"$1,250,000"
Brian Asamoah,"$1,371,712"
Martin Emerson,"$1,367,822"
Chad Muma,"$1,356,527"
Will Harris,"$2,582,500"
Tre Herndon,"$2,582,000"
Sione Takitaki,"$2,430,000"
Ezekiel Turner,"$2,000,000"
Nik Needham,"$1,825,000"
Easton Stick,"$1,800,000"
Tony Brown,"$1,232,500"
Gervon Dexter,"$1,680,932"
Jelani Woods,"$1,343,118"
Christian Harris,"$1,337,062"
Akeem Davis-Gaither,"$1,028,128"
Darnay Holmes,"$1,021,722"
Jalen Davis,"$1,215,000"
Travis Jones,"$1,325,491"
Leki Fotu,"$1,017,118"
Alex Wright,"$1,323,394"
JT Woods,"$1,319,111"
Jake Martin,"$1,197,000"
Tuli Tuipulotu,"$1,642,846"
Cordale Flott,"$1,310,460"
DeAngelo Malone,"$1,307,396"
Cam Lewis,"$1,185,000"
Nakobe Dean,"$1,301,160"
James Lynch,"$996,499"
Fred Johnson,"$1,252,500"
Troy Dye,"$993,395"
DeMarvin Leal,"$1,296,724"
Marcus Jones,"$1,294,238"
Tyrique Stevenson,"$1,612,375"
Carlos Basham Jr.,"$1,406,236"
Cam Thomas,"$1,286,084"
Terrel Bernard,"$1,260,748"
Deion Jones,"$1,165,000"
Geno Stone,"$1,760,000"
Zach Carter,"$1,269,985"
Nick Cross,"$1,266,410"
Danny Gray,"$1,261,227"
Channing Tindall,"$1,261,227"
Leo Chenal,"$1,261,227"
Kerby Joseph,"$1,261,226"
Cameron Sample,"$1,067,036"
Derrick Barnes,"$1,065,301"
Shaq Quarterman,"$947,350"
Amik Robertson,"$947,350"
Chris Rumph II,"$1,058,386"
Zech McPhearson,"$1,052,413"
D.J. Turner,"$1,540,011"
Camryn Bynum,"$1,049,453"
Joe Bachie,"$1,160,000"
Drew Forbes,"$1,325,000"
Del'Shawn Phillips,"$1,110,000"
Rashad Weaver,"$1,034,916"
Marco Wilson,"$1,032,595"
Tre Brown,"$1,030,166"
Danny Pinter,"$910,925"
Kwon Alexander,"$1,317,500"
Mario Edwards,"$1,317,500"
Markus Golden,"$1,317,500"
Kamu Grugier-Hill,"$1,317,500"
Johnathan Hankins,"$1,317,500"
John Jenkins,"$1,317,500"
Shaq Lawson,"$1,317,500"
David Mayo,"$1,317,500"
Bobby McCain,"$1,317,500"
Rodney McLeod,"$1,317,500"
Matthew Adams,"$1,232,500"
Brandon Allen,"$1,232,500"
Tre Flowers,"$1,232,500"
Lonnie Johnson,"$1,232,500"
Jordan Kunaszyk,"$1,232,500"
Ryan Neal,"$1,232,500"
Derrick Nnadi,"$1,232,500"
Chandon Sullivan,"$1,232,500"
Anthony Walker Jr.,"$1,232,500"
Armon Watts,"$1,232,500"
Eric Wilson,"$1,232,500"
Josh Woods,"$1,232,500"
Isaac Yiadom,"$1,232,500"
Daniel Thomas,"$903,029"
Bryce Hall,"$902,701"
Arthur Maulet,"$1,080,000"
Jonathan Bullard,"$1,317,500"
Justin Strnad,"$883,193"
Percy Butler,"$1,112,254"
Dane Belton,"$1,111,122"
Josh Ball,"$994,836"
D'ante Smith,"$994,836"
Damarri Mathis,"$1,109,741"
Micheal Clemons,"$1,106,024"
Akayleb Evans,"$1,105,269"
Jalyn Armour-Davis,"$1,105,082"
Cameron Brown,"$873,341"
Alohi Gilman,"$870,801"
Zacch Pickens,"$1,440,948"
Sydney Brown,"$1,436,110"
Drew Sanders,"$1,433,682"
Troy Hill,"$1,265,000"
Markus Bailey,"$852,174"
Carter Coughlin,"$851,286"
Joshua Williams,"$1,081,565"
Chris Claybrooks,"$849,346"
C.J. Goodwin,"$1,165,000"
Krys Barnes,"$1,035,000"
James Smith-Williams,"$848,175"
Byron Young,"$1,417,178"
Jamien Sherwood,"$958,714"
Ta'Quon Graham,"$957,653"
Caden Sterns,"$952,647"
Tony Fields,"$952,440"
Michael Carter,"$952,232"
Isaiahh Loudermilk,"$950,072"
Dylan Cole,"$1,080,000"
Nicholas Morrow,"$1,155,000"
Brenden Jaimes,"$949,445"
Tommy Doyle,"$948,931"
Darrick Forrest,"$947,768"
Justin Bethel,"$1,317,500"
Kevin Strong,"$1,156,250"
Nate Hobbs,"$945,763"
Zach Harrison,"$1,392,112"
Marte Mapu,"$1,390,927"
Deommodore Lenoir,"$941,218"
Byron Young,"$1,389,167"
Tedarrell Slaton,"$940,130"
Eno Benjamin,"$849,428"
Curtis Bolton,"$1,010,000"
Elijah Campbell,"$1,010,000"
Jonathan Harris,"$952,500"
Jeremiah Ledbetter,
Larrell Murchison,"$952,500"
Tanner Muse,"$1,010,000"
Jonathan Owens,"$1,010,000"
Elijah Riley,"$695,000"
Malcolm Roach,"$1,010,000"
Isaiah Simmons,"$5,166,014"
Casey Toohill,"$846,758"
Logan Woodside,"$952,500"
Bobby Brown,"$1,059,133"
K.J. Britt,"$936,574"
Nick Williams,"$1,230,000"
D.J. Johnson,"$1,375,747"
Talanoa Hufanga,"$930,038"
Adetokunbo Ogundeji,"$930,038"
Avery Williams,"$930,038"
Decobie Durant,"$1,041,085"
YaYa Diaby,"$1,366,353"
Nick Niemann,"$923,501"
Riley Moss,"$1,361,872"
Marlon Tuipulotu,"$918,979"
Trey Hill,"$918,088"
Daiyan Henley,"$1,355,105"
Trenton Simpson,"$1,352,211"
Ji'Ayir Brown,"$1,348,952"
Victor Dimukeje,"$910,465"
Kobie Turner,"$1,347,869"
Damar Hamlin,"$910,119"
Dorian Williams,"$1,368,202"
Terrell Edmunds,"$2,000,000"
Sam Ehlinger,"$902,677"
Isaiah McDuffie,"$902,677"
Israel Mukuamu,"$902,677"
Jordan Battle,"$1,331,254"
Patrick Johnson,"$896,469"
Jonathon Cooper,"$895,168"
Cam Gill,"$965,000"
Mekhi Blackmon,"$1,326,021"
Brodric Martin,"$1,326,022"
Siaki Ika,"$1,365,395"
Dax Milne,"$889,317"
Micah McFadden,"$1,003,927"
D.J. Davidson,"$1,003,529"
Jakorian Bennett,"$1,165,899"
Kelee Ringo,"$1,165,231"
Joe Gaziano,"$1,010,000"
Kyle Phillips,"$1,010,000"
Delarrin Turner-Yell,"$998,264"
Tariq Woolen,"$998,054"
Jake Andrews,"$1,162,086"
Zyon McCollum,"$995,433"
Dylan Horton,"$1,160,259"
Eric Johnson,"$995,185"
Adetomiwa Adebawore,"$1,159,227"
DaRon Bland,"$991,197"
Amen Ogbongbemiga,"$813,333"
Clark Phillips III,"$1,153,382"
Colby Wooden,"$1,151,982"
Jerry Jacobs,"$809,500"
Nyheim Hines,"$4,500,000"
Angelo Blackson,"$1,165,000"
Neville Hewitt,"$1,165,000"
Germain Ifedi,"$1,165,000"
Brent Urban,"$1,165,000"
Ugo Amadi,"$1,080,000"
Maurice Hurst,"$1,242,000"
John Johnson,"$1,080,000"
Troy Reeder,"$1,080,000"
Mason Rudolph,"$1,080,000"
Duke Shelley,"$1,080,000"
Ahkello Witherspoon,"$1,080,000"
Zayne Anderson,"$997,500"
Blake Brandel,"$940,000"
Wyatt Davis,"$940,000"
Dee Delaney,"$940,000"
Jody Fortson,"$940,000"
Jonas Griffith,"$882,500"
Mike Hoecht,"$742,500"
Ka'dar Hollman,"$997,500"
Albert Huggins,"$940,000"
Keith Ismael,"$940,000"
Michael Jackson,"$940,000"
Caleb Johnson,"$810,667"
Benito Jones,"$940,000"
Trey Lance,"$8,526,319"
Nick Leverett,"$940,000"
Nick McCloud,"$882,500"
Jason Pinnock,"$937,613"
Anthony Pittman,"$940,000"
Christian Rozeboom,"$823,333"
Grant Stuard,"$889,061"
Khyiris Tonga,"$825,000"
Jay Tufele,"$1,076,422"
Shaun Wade,"$949,391"
Jonah Williams,"$882,500"
Shane Zylstra,"$940,000"
Dominique Robinson,"$983,289"
Chamarri Conner,"$1,147,842"
Jon Gaines II,"$1,143,060"
Cameron Young,"$1,141,877"
Brandin Echols,"$913,546"
Damone Clark,"$975,638"
Kingsley Enagbare,"$975,638"
Tavius Robinson,"$1,140,141"
Isaiah McGuire,"$1,137,983"
Garrett Williams,"$1,408,733"
Viliami Fehoko Jr.,"$1,132,689"
Tyler Lacy,"$1,131,781"
Kyle Hinton,"$977,500"
Christian Benford,"$963,569"
Nick Herbig,"$1,128,230"
Nick Zakelj,"$962,589"
Malcolm Rodríguez,"$961,980"
Amaré Barno,"$961,351"
Jay Ward,"$1,123,386"
Sam Roberts,"$957,869"
Matt Henningsen,"$955,520"
Derion Kendrick,"$948,004"
Quentin Lake,"$948,004"
Ja'Sir Taylor,"$948,003"
Matt Dickerson,"$1,080,000"
Dean Marlowe,"$1,080,000"
Montaric Brown,"$943,995"
Mark Robinson,"$943,089"
Aviante Collins,"$1,010,000"
Deane Leonard,"$939,916"
Rodney Thomas,"$938,846"
Christian Holmes,"$938,470"
Jaylen Watson,"$936,343"
Skylar Thompson,"$935,554"
Elijah Hicks,"$934,252"
Russ Yeast,"$934,252"
Da'shawn Hand,"$1,080,000"
Andre Chachere,"$1,002,500"
Kader Kohou,"$863,333"
Malik Herring,"$816,667"
Kurt Hinish,"$861,667"
Markquese Bell,"$858,333"
Brenden Schooler,"$858,333"
Dee Alford,"$856,833"
Tony Adams,"$856,667"
Josh Jobe,"$856,667"
Luke Masterson,"$856,667"
D’Anthony Bell,"$855,833"
Jake Hansen,"$855,833"
Jack Sanborn,"$855,833"
Kingsley Jonathan,"$929,250"
Reed Blankenship,"$855,000"
Jake Hummel,"$855,000"
Jaylon Jones,"$854,167"
Coby Bryant,"$1,116,951"
Myles Adams,"$870,000"
Tre Avery,"$853,333"
Darrell Baker Jr.,"$787,500"
Earnest Brown,"$787,500"
Jack Cochrane,"$787,500"
Trevor Denbow,"$870,000"
Neil Farrell Jr.,"$1,095,076"
Elijah Garcia,"$853,333"
Jack Gibbens,"$705,000"
Devin Harper,"$959,380"
Theo Jackson,"$787,500"
Caleb Jones,"$787,500"
Nathan Landman,"$870,000"
Raheem Layne,"$787,500"
Jonathan Ledbetter,"$787,500"
Jesse Luketa,"$787,500"
Cameron McGrone,"$787,500"
Nick Muse,"$870,000"
Isaiah Pola-Mao,"$787,500"
John Ridgeway,"$975,638"
Nephi Sewell,"$927,500"
Chazz Surratt,"$942,500"
Nick Thurman,"$870,000"
Brandon Walton,"$787,500"
Chandler Wooten,"$927,500"
Jake Luton,"$1,010,000"
Kristian Welch,"$1,010,000"
Bradley Roby,"$1,165,000"
Yasir Abdullah,"$1,051,304"
Randy Gregory,"$14,000,000"
K.J. Henry,"$1,049,816"
Rasul Douglas,"$7,000,000"
Kyle Peko,"$1,080,000"
Ronnie Perkins,"$940,000"
Artie Burns,"$1,080,000"
Sam Eguavoen,"$1,080,000"
Ty Summers,"$1,080,000"
Jaquelin Roy,"$1,044,943"
Jammie Robinson,"$1,042,383"
Jordan Howden,"$1,041,682"
Noah Sewell,"$1,041,237"
SirVocea Dennis,"$1,039,331"
D'Marco Jackson,"$994,229"
Tycen Anderson,"$991,521"
Antonio Johnson,"$1,035,458"
Nick Hampton,"$1,034,776"
Chase Lucas,"$870,000"
Terell Smith,"$1,028,971"
B.J. Thompson,"$1,027,913"
Owen Pappoe,"$1,021,244"
Christopher Smith II,"$1,021,244"
Henry To'oTo'o,"$1,021,244"
Eric Scott Jr.,"$1,014,576"
Karl Brooks,"$1,013,007"
Kei'Trel Clark,"$1,012,153"
Josh Hayes,"$1,011,093"
Tre Tomlinson,"$1,009,963"
Zaire Barnes,"$1,009,055"
JL Skinner,"$1,009,055"
Tanner McKee,"$1,006,630"
Luke Wypler,"$1,004,993"
Malaesala Aumavae-Laulu,"$1,003,298"
Scott Matlock,"$1,003,074"
Amari Burney,"$1,001,279"
Tre Hawkins III,"$997,380"
Baylon Spector,"$940,931"
Hakeem Adeniji,"$1,010,000"
Essang Bassey,"$1,010,000"
Dante Stills,"$993,334"
Dee Winters,"$993,334"
Roy Lopez,"$1,002,500"
Josh Johnson,"$1,317,500"
Khalil Davis,"$940,000"
Jon Rhattigan,"$940,000"
Kalia Davis,"$948,004"
Khalil Dorsey,"$870,000"
Taylor Stallworth,"$1,080,000"
Jaylon Jones,"$988,370"
DeMarcco Hellams,"$986,575"
Jovaughn Gwyn,"$986,457"
Nesta Jade Silvera,"$985,176"
Carrington Valentine,"$985,176"
Andre Jones Jr.,"$985,068"
Otito Ogbonnia,"$994,720"
Zack Bailey,
Jordon Riley,"$980,942"
Anthony Johnson Jr.,"$980,941"
D.J. Ivey,"$980,163"
Moro Ojomo,"$979,446"
Alex Forsyth,"$979,444"
Jalen Graham,"$979,444"
Desjuan Johnson,"$979,444"
Nic Jones,"$979,444"
Gervarrius Owens,"$979,444"
Andre Carter II,"$911,667"
Mohamoud Diabate,"$906,667"
Curtis Hodges,"$861,667"
Ronnie Hickman,"$905,000"
Thomas Incoom,"$905,000"
Ivan Pace,"$905,000"
Steven Gilmore,"$903,333"
Cam Jones,"$903,333"
Kaevon Merriweather,"$903,333"
Alec Anderson,"$836,750"
Christian Izien,"$901,667"
Eli Ricks,"$901,667"
Brenton Cox Jr.,"$901,333"
Ricky Lee,"$900,000"
Caleb Murphy,"$900,000"
Markees Watts,"$898,333"
Nick Broeker,"$985,525"
Dylan Cook,"$750,000"
Mike Greene,"$832,500"
Kahlef Hailassie,"$901,667"
D’Shawn Jamison,"$905,000"
Quindell Johnson,"$908,333"
Anthony Kendall,"$898,333"
Isaiah Land,"$900,000"
Ja’Quan McMillian,"$830,000"
Segun Olubi,"$750,000"
LaBryan Ray,"$750,000"
Juanyeh Thomas,"$832,500"
Starling Thomas V,"$905,000"
NaJee Thompson,"$898,333"
Hendon Hooker,"$1,429,755"
Josh Blackwell,"$870,000"
Terrell Burgess,"$1,010,000"
Mike Brown,"$927,500"
Frank Clark,"$1,165,000"
McClendon Curtis,"$750,000"
Cameron Mitchell,"$1,044,308"
DeMarvion Overshown,"$1,347,507"
A.J. Klein,"$1,317,500"
Dicaprio Bootle,"$997,500"
De'Jon Harris,"$660,000"
L.J. Collier,"$1,232,500"
Joey Blount,"$927,500"
Shaquill Griffin,"$3,500,000"
Jake Haener,"$1,136,204"
Jarrick Bernard-Converse,"$1,001,278"
Tyler Hall,"$895,000"
Samuel Womack,"$985,831"
Cameron Latu,"$1,326,021"
Darrell Luter Jr.,"$1,038,378"
Corey Ballentine,"$1,140,000"
Henry Anderson,"$1,317,500"
Rashad Fenton,"$1,232,500"
Trai Turner,"$1,317,500"
Hassan Haskins,"$1,088,055"
Kenny Yeboah,"$1,338,250"
Leonard Williams,"$21,000,000"
Stetson Bennett,"$1,134,785"
Braeden Daniels,"$1,148,613"
Jerrick Reed II,"$1,003,701"
Ventrell Miller,"$1,144,234"
Cameron Goode,"$832,500"
Kana’i Mauga,"$750,000"
A.J. Finley,"$882,500"
Myjai Sanders,"$1,261,227"
Kenny McIntosh,"$982,713"
James Houston,"$787,500"
Bobby Price,"$1,010,000"
K'Von Wallace,"$1,000,278"
Robert Beal Jr.,"$1,021,244"
Jason Taylor II,"$984,508"
Damarion Williams,"$1,041,085"
Drake Thomas,"$903,333"
Jarrad Davis,"$1,180,000"
Malik Reed,"$1,080,000"
Kentavius Street,"$1,280,000"
Rodney Williams,"$832,500"
Claudin Cherelus,"$900,000"
Micah Abernathy,"$870,000"
Christian Braswell,"$1,001,898"
Robert Rochell,"$940,000"
Pat Elflein,"$1,150,000"
Shaun Bradley,"$866,605"
Dallis Flowers,"$855,000"
Mike Morris,"$1,043,019"
Darius Harris,"$1,010,000"
John Wolford,"$1,010,000"
Matt Waletzko,"$995,873"
Tyler Davis,"$1,040,000"
J.C. Hassenauer,"$1,035,000"
Ar'Darius Washington,"$940,000"
Daryl Worley,"$1,165,000"
Tyrus Wheat,
Roderick Johnson,"$1,025,400"
Tyrone Wheatley Jr.,"$750,000"
Luiji Vilain,"$870,000"
Justin Shorter,"$1,040,987"
Daniel Scott,"$1,036,959"
Javelin Guidry Jr.,"$1,010,000"
Linval Joseph,"$1,165,000"
Jabril Cox,"$940,000"
DeAndre Houston-Carson,"$1,165,000"
Ben Niemann,"$1,080,000"
Jack Anderson,"$940,000"
Mike Woods,"$957,072"
Josh Ali,"$832,500"
Grayland Arnold,"$952,500"
Feleipe Franks,"$813,333"
Ameer Speed,"$993,334"
Bradlee Anae,"$917,500"
Alex Cook,"$750,000"
Darius Rush,"$750,000"
Genard Avery,"$1,080,000"
Andrew Dowell,"$940,000"
Ethan Greenidge,"$940,000"
Terez Hall,"$940,000"
Marlon Mack,"$1,080,000"
Ifeadi Odenigbo,"$1,080,000"
Chapelle Russell,"$940,000"
Austin Walter,"$750,000"
Shaquille Leonard,"$1,583,300"
Gregory Junior,"$787,500"
Ochaun Mathis,"$1,005,616"
Brittain Brown,"$934,963"
Kearis Jackson,"$898,333"
Tariq Castro-Fields,"$870,000"
Troy Hairston,"$853,333"
Titus Leo,"$993,333"
D'Angelo Ross,"$927,500"
Armani Rogers,"$859,167"
Darien Butler,"$858,333"
Jalen Virgil,"$857,500"
Cooper Hodges,"$986,372"
Andrew Vorhees,"$985,528"
Brandon Dillon,"$870,000"
Nazeeh Johnson,"$787,500"
William Kwenkeu,"$927,500"
Joe Reed,"$870,000"
Luke Tenuta,"$953,171"
Renell Wren,"$870,000"
Jake Witt,"$983,705"
Cory Trice Jr.,"$981,109"
Dawson Deaton,"$935,735"
Isaiah Bolden,"$980,421"
Nick Vigil,"$1,165,000"
Andre Smith,"$1,080,000"
Ikenna Enechukwu,"$908,333"
Eric Garror,"$750,000"
LaCale London,"$750,000"
Blake Whiteheart,"$750,000"
Devonnsha Maxwell,"$906,667"
Dalton Wagner,"$906,667"
Shakel Brown,"$905,000"
Bryce Ford-Wheaton,"$905,000"
Alex Palczewski,"$905,000"
Nikko Remigio,"$903,333"
Zach Davidson,"$837,000"
David Durden,"$901,667"
Jesse Matthews,"$901,667"
Andrew Trainer,"$856,667"
Kilian Zierer,"$901,667"
Maalik Hall,"$900,833"
Matt Hembrough,"$900,667"
John Stephens,"$899,333"
Malik Hamm,"$899,000"
A.J. Uzodinma,"$899,000"
Zeke Vandenburgh,"$899,000"
Jaylon Moore,"$750,000"
David Bada,"$1,575,000"
Curtis Brooks,"$750,000"
LaTrell Bumphus,"$898,333"
Devin Cochran,"$750,000"
Alfonzo Graham,"$898,333"
Kyler McMichael,"$832,500"
Tre Nixon,"$750,000"
Joshua Onujiogu,"$787,500"
DJ Scaife,"$750,000"
Andrew Whitaker,"$832,500"
Mykal Walker,"$1,010,000"
Chance Campbell,"$892,500"
Tae Davis,"$1,080,000"
Rashaan Evans,
Justin Hollins,"$1,080,000"
Alex Austin,"$750,000"
Travis Bell,"$750,000"
Trevor Nowaske,"$750,000"
Tommy DeVito,"$750,000"
Nick Moore,"$1,247,500"
Cameron Dantzler,"$1,010,000"
Jack Jones,"$1,101,746"
Keir Thomas,"$705,000"
Julian Good-Jones,"$750,000"
Derek Barnett,"$5,070,000"
Sheldon Day,"$1,165,000"
Blake Martinez,
Ronnie Harrison,"$1,080,000"
Blake Lynch,"$940,000"
J.J. Russell,"$927,500"
Benton Whitley,
Chandler Brewer,"$1,010,000"
Johnathan Abram,"$1,162,500"
Kyu Blu Kelly,"$1,037,286"
Eku Leota,"$750,000"
TK McClendon,"$750,000"
A.J. McCarron,"$1,165,000"
Jason Pierre-Paul,"$1,165,000"
Jaleel Johnson,"$1,080,000"
Joe Jones,"$1,080,000"
Desmond King,"$1,080,000"
Pat O'Connor,"$1,232,500"
David Long,"$1,500,000"
Monty Rice,"$1,212,215"
Andrew Farmer,
Jalen Harris,"$750,000"
Keenan Isaac,
Qwuantrezz Knight,"$832,500"
Trenton Thompson,"$750,000"
Shaun Jolly,"$870,000"
Kindle Vildor,"$1,010,000"
Adrian Amos,"$1,165,000"
Logan Ryan,"$1,165,000"
Kris Boyd,"$1,080,000"
Naquan Jones,"$940,000"
Ekow Boye-Doe,
Ben VanSumeren,"$750,000"
Christian Elliss,"$787,500"
Janarius Robinson,"$870,000"
Malik Knowles,"$903,333"
P.J. Mustipher,"$750,000"
Otis Reese,"$750,000"
Eyioma Uwazurike,"$1,106,467"
Shaka Toney,"$893,238"
Eddie Goldman,"$1,317,500"
Brandon Shell,"$1,317,500"
Justin Jackson,"$1,080,000"
Ben Ellefson,"$1,010,000"
Sammis Reyes,"$940,000"
Trayvon Mullen,"$1,080,000"
Isaiah Rodgers,
